{"ImageInAcquisition":[21],"ProtocolName":["FLI_01_Anat T2w cerveau complet"],"EchoTime":[52.0],"ByteOrder":["littleEndian"],"FlipAngle":[180.0],"PCaslLabel":[""],"ReadDirection":["A_P"],"StationName":["BioSpec 47\/40"],"ImageOrientationPatient":[[0.9730223],[-0.2247134],[-0.052264232],[0.22488041],[0.9743825],[-0.0027390523],[0.051540855],[-0.009088043],[0.9986295],[0.9730223],[-0.2247134],[-0.052264232],[0.22488041],[0.9743825],[-0.0027390523],[0.051540855],[-0.009088043],[0.9986295],[0.9730223],[-0.2247134],[-0.052264232],[0.22488041],[0.9743825],[-0.0027390523],[0.051540855],[-0.009088043],[0.9986295],[0.9730223],[-0.2247134],[-0.052264232],[0.22488041],[0.9743825],[-0.0027390523],[0.051540855],[-0.009088043],[0.9986295],[0.9730223],[-0.2247134],[-0.052264232],[0.22488041],[0.9743825],[-0.0027390523],[0.051540855],[-0.009088043],[0.9986295],[0.9730223],[-0.2247134],[-0.052264232],[0.22488041],[0.9743825],[-0.0027390523],[0.051540855],[-0.009088043],[0.9986295],[0.9730223],[-0.2247134],[-0.052264232],[0.22488041],[0.9743825],[-0.0027390523],[0.051540855],[-0.009088043],[0.9986295],[0.9730223],[-0.2247134],[-0.052264232],[0.22488041],[0.9743825],[-0.0027390523],[0.051540855],[-0.009088043],[0.9986295],[0.9730223],[-0.2247134],[-0.052264232],[0.22488041],[0.9743825],[-0.0027390523],[0.051540855],[-0.009088043],[0.9986295],[0.9730223],[-0.2247134],[-0.052264232],[0.22488041],[0.9743825],[-0.0027390523],[0.051540855],[-0.009088043],[0.9986295],[0.9730223],[-0.2247134],[-0.052264232],[0.22488041],[0.9743825],[-0.0027390523],[0.051540855],[-0.009088043],[0.9986295],[0.9730223],[-0.2247134],[-0.052264232],[0.22488041],[0.9743825],[-0.0027390523],[0.051540855],[-0.009088043],[0.9986295],[0.9730223],[-0.2247134],[-0.052264232],[0.22488041],[0.9743825],[-0.0027390523],[0.051540855],[-0.009088043],[0.9986295],[0.9730223],[-0.2247134],[-0.052264232],[0.22488041],[0.9743825],[-0.0027390523],[0.051540855],[-0.009088043],[0.9986295],[0.9730223],[-0.2247134],[-0.052264232],[0.22488041],[0.9743825],[-0.0027390523],[0.051540855],[-0.009088043],[0.9986295],[0.9730223],[-0.2247134],[-0.052264232],[0.22488041],[0.9743825],[-0.0027390523],[0.051540855],[-0.009088043],[0.9986295],[0.9730223],[-0.2247134],[-0.052264232],[0.22488041],[0.9743825],[-0.0027390523],[0.051540855],[-0.009088043],[0.9986295],[0.9730223],[-0.2247134],[-0.052264232],[0.22488041],[0.9743825],[-0.0027390523],[0.051540855],[-0.009088043],[0.9986295],[0.9730223],[-0.2247134],[-0.052264232],[0.22488041],[0.9743825],[-0.0027390523],[0.051540855],[-0.009088043],[0.9986295],[0.9730223],[-0.2247134],[-0.052264232],[0.22488041],[0.9743825],[-0.0027390523],[0.051540855],[-0.009088043],[0.9986295],[0.9730223],[-0.2247134],[-0.052264232],[0.22488041],[0.9743825],[-0.0027390523],[0.051540855],[-0.009088043],[0.9986295]],"SpacingBetweenSlices":[0.8],"Manufacturer":["Bruker BioSpin MRI GmbH"],"MethodDiffusion":["RARE"],"RepetitionTime":[4000.0],"SequenceName":["RARE (pvm)"],"PatientPosition":["Head_Supine"],"SoftwareVersions":["5.1"],"DiffusionPreparationMethod":[""],"InversionTime":[0.0],"PixelBandwidth":[156.25],"PCaslPhi":[""],"ImagePositionPatient":[[-9.6475725],[-6.0072637],[-8.368819],[-9.606339],[-6.014534],[-7.569916],[-9.565106],[-6.0218043],[-6.7710123],[-9.523874],[-6.0290747],[-5.9721084],[-9.482641],[-6.0363455],[-5.173205],[-9.441409],[-6.043616],[-4.374301],[-9.400176],[-6.050886],[-3.5753975],[-9.358943],[-6.0581565],[-2.776494],[-9.317711],[-6.065427],[-1.9775903],[-9.276478],[-6.0726976],[-1.1786866],[-9.235246],[-6.079968],[-0.37978303],[-9.194013],[-6.0872383],[0.41912058],[-9.15278],[-6.0945086],[1.2180243],[-9.111547],[-6.101779],[2.0169277],[-9.070314],[-6.10905],[2.8158314],[-9.029082],[-6.11632],[3.6147351],[-8.987849],[-6.1235905],[4.4136386],[-8.946616],[-6.130861],[5.2125425],[-8.905384],[-6.138131],[6.011446],[-8.864151],[-6.145402],[6.8103495],[-8.822919],[-6.1526723],[7.6092534]],"PatientName":["EB_FLI_Biophys"],"Fov":[[1.6],[1.6]],"PatientWeight":[5.0],"PatientSex":["female"],"PatientID":["eb150609"],"SliceThickness":[0.8],"ImagingFrequency":[200.33739],"Session":["omontigo"]}