{"ImageInAcquisition":[45],"ProtocolName":["FLI_02_T2map_MSME-128x128"],"EchoTime":[[10.0],[20.0],[30.0],[40.0],[50.0],[60.0],[70.0],[80.0],[90.0],[100.0],[110.0],[120.0],[130.0],[140.0],[150.0],[160.0]],"ByteOrder":["littleEndian"],"FlipAngle":[180.0],"PCaslLabel":[""],"ReadDirection":["A_P"],"StationName":["BioSpec 47\/40"],"ImageOrientationPatient":[[0.9730223],[-0.2247134],[-0.052264232],[0.22488041],[0.9743825],[-0.0027390523],[0.051540855],[-0.009088043],[0.9986295],[0.9730223],[-0.2247134],[-0.052264232],[0.22488041],[0.9743825],[-0.0027390523],[0.051540855],[-0.009088043],[0.9986295],[0.9730223],[-0.2247134],[-0.052264232],[0.22488041],[0.9743825],[-0.0027390523],[0.051540855],[-0.009088043],[0.9986295],[0.9730223],[-0.2247134],[-0.052264232],[0.22488041],[0.9743825],[-0.0027390523],[0.051540855],[-0.009088043],[0.9986295],[0.9730223],[-0.2247134],[-0.052264232],[0.22488041],[0.9743825],[-0.0027390523],[0.051540855],[-0.009088043],[0.9986295],[0.9730223],[-0.2247134],[-0.052264232],[0.22488041],[0.9743825],[-0.0027390523],[0.051540855],[-0.009088043],[0.9986295],[0.9730223],[-0.2247134],[-0.052264232],[0.22488041],[0.9743825],[-0.0027390523],[0.051540855],[-0.009088043],[0.9986295],[0.9730223],[-0.2247134],[-0.052264232],[0.22488041],[0.9743825],[-0.0027390523],[0.051540855],[-0.009088043],[0.9986295],[0.9730223],[-0.2247134],[-0.052264232],[0.22488041],[0.9743825],[-0.0027390523],[0.051540855],[-0.009088043],[0.9986295]],"SpacingBetweenSlices":[0.8],"Manufacturer":["Bruker BioSpin MRI GmbH"],"MethodDiffusion":["MSME"],"RepetitionTime":[3900.0],"SequenceName":[""],"PatientPosition":["Head_Supine"],"SoftwareVersions":["5.1;5.1"],"DiffusionPreparationMethod":[""],"InversionTime":[0.0],"PCaslPhi":[""],"ImagePositionPatient":[[-9.400176],[-6.050886],[-3.5753975],[-9.358943],[-6.0581565],[-2.776494],[-9.317711],[-6.065427],[-1.9775903],[-9.276478],[-6.0726976],[-1.1786866],[-9.235246],[-6.079968],[-0.37978303],[-9.194013],[-6.0872383],[0.41912058],[-9.15278],[-6.0945086],[1.2180243],[-9.111547],[-6.101779],[2.0169277],[-9.070314],[-6.10905],[2.8158314]],"PatientName":["EB_FLI_Biophys"],"Fov":[[1.6],[1.6]],"PatientWeight":[5.0],"PatientSex":["female"],"PatientID":["eb150609"],"SliceThickness":[0.8],"Session":["omontigo"]}